,SILVER-23-12-06-C,VAR-22-11-01-C
2025-06-02 23:00:00+00:00,14.2485,26.479635
2025-06-01 23:00:00+00:00,19.341,26.479635
2025-05-31 23:00:00+00:00,14.448,26.479635
2025-05-30 23:00:00+00:00,18.186,26.479635
2025-05-29 23:00:00+00:00,18.4485,26.479635
2025-05-28 23:00:00+00:00,17.0625,26.479635
2025-05-27 23:00:00+00:00,21.0,26.479635
2025-05-26 23:00:00+00:00,18.543,26.479635
2025-05-25 23:00:00+00:00,14.301,26.479635
2025-05-24 23:00:00+00:00,11.193,26.479635
2025-05-23 23:00:00+00:00,19.194,26.479635
2025-05-22 23:00:00+00:00,22.071,26.479635
2025-05-21 23:00:00+00:00,21.8505,26.479635
2025-05-20 23:00:00+00:00,21.8295,26.479635
2025-05-19 23:00:00+00:00,21.5355,26.479635
2025-05-18 23:00:00+00:00,21.798,26.479635
2025-05-17 23:00:00+00:00,20.7165,26.479635
2025-05-16 23:00:00+00:00,20.0445,26.479635
2025-05-15 23:00:00+00:00,20.328,26.479635
2025-05-14 23:00:00+00:00,21.063,26.479635
2025-05-13 23:00:00+00:00,20.853,26.479635
2025-05-12 23:00:00+00:00,21.2835,26.479635
2025-05-11 23:00:00+00:00,20.937,26.479635
2025-05-10 23:00:00+00:00,17.661,26.479635
2025-05-09 23:00:00+00:00,19.6455,26.479635
2025-05-08 23:00:00+00:00,21.5775,26.479635
2025-05-07 23:00:00+00:00,21.714,26.479635
2025-05-06 23:00:00+00:00,21.6615,26.479635
2025-05-05 23:00:00+00:00,21.4095,26.479635
2025-05-04 23:00:00+00:00,20.874,26.479635
2025-05-03 23:00:00+00:00,15.6975,26.479635
2025-05-02 23:00:00+00:00,17.703,26.479635
2025-05-01 23:00:00+00:00,20.5905,26.479635
2025-04-30 23:00:00+00:00,20.8215,26.479635
2025-04-29 23:00:00+00:00,20.958,26.479635
2025-04-28 23:00:00+00:00,20.9895,26.479635
2025-04-27 23:00:00+00:00,20.811,26.479635
2025-04-26 23:00:00+00:00,17.367,26.479635
2025-04-25 23:00:00+00:00,21.0,26.479635
2025-04-24 23:00:00+00:00,21.1785,26.479635
2025-04-23 23:00:00+00:00,21.5355,26.479635
2025-04-22 23:00:00+00:00,21.9975,26.479635
2025-04-21 23:00:00+00:00,22.197,26.479635
2025-04-20 23:00:00+00:00,21.987,26.479635
2025-04-19 23:00:00+00:00,21.42,26.479635
2025-04-18 23:00:00+00:00,19.7505,26.479635
2025-04-17 23:00:00+00:00,21.0945,26.479635
2025-04-16 23:00:00+00:00,21.567,26.479635
2025-04-15 23:00:00+00:00,19.3935,26.479635
2025-04-14 23:00:00+00:00,21.42,26.479635
2025-04-13 23:00:00+00:00,21.21,26.479635
2025-04-12 23:00:00+00:00,19.908,26.479635
2025-04-11 23:00:00+00:00,20.706,26.479635
2025-04-10 23:00:00+00:00,21.1575,26.479635
2025-04-09 23:00:00+00:00,21.4515,26.479635
2025-04-08 23:00:00+00:00,21.7035,26.479635
2025-04-07 23:00:00+00:00,21.5565,26.479635
2025-04-06 23:00:00+00:00,22.0815,26.479635
2025-04-05 23:00:00+00:00,19.278,26.479635
2025-04-04 23:00:00+00:00,18.123,26.479635
2025-04-03 23:00:00+00:00,20.5065,26.479635
2025-04-02 23:00:00+00:00,19.53,26.479635
2025-04-01 23:00:00+00:00,20.1705,26.479635
2025-03-31 23:00:00+00:00,22.575,26.479635
2025-03-30 23:00:00+00:00,22.9845,26.057535
2025-03-30 00:00:00+00:00,14.553,26.057535
2025-03-29 00:00:00+00:00,19.803,26.057535
2025-03-28 00:00:00+00:00,19.8135,26.057535
2025-03-27 00:00:00+00:00,22.2495,26.057535
2025-03-26 00:00:00+00:00,22.7325,26.057535
2025-03-25 00:00:00+00:00,23.079,26.057535
2025-03-24 00:00:00+00:00,23.331,26.057535
2025-03-23 00:00:00+00:00,23.2365,26.057535
2025-03-22 00:00:00+00:00,20.223,26.057535
2025-03-21 00:00:00+00:00,19.4565,26.057535
2025-03-20 00:00:00+00:00,23.331,26.057535
2025-03-19 00:00:00+00:00,23.583,26.057535
2025-03-18 00:00:00+00:00,22.7745,26.057535
2025-03-17 00:00:00+00:00,23.3625,26.057535
2025-03-16 00:00:00+00:00,22.911,26.057535
2025-03-15 00:00:00+00:00,22.785,26.057535
2025-03-14 00:00:00+00:00,23.898,26.057535
2025-03-13 00:00:00+00:00,24.0555,26.057535
2025-03-12 00:00:00+00:00,22.953,26.057535
2025-03-11 00:00:00+00:00,22.5645,26.057535
2025-03-10 00:00:00+00:00,21.84,26.057535
2025-03-09 00:00:00+00:00,22.3965,26.057535
2025-03-08 00:00:00+00:00,21.462,26.057535
2025-03-07 00:00:00+00:00,22.617,26.057535
2025-03-06 00:00:00+00:00,21.399,26.057535
2025-03-05 00:00:00+00:00,21.1155,26.057535
2025-03-04 00:00:00+00:00,23.0475,26.057535
2025-03-03 00:00:00+00:00,23.625,26.057535
2025-03-02 00:00:00+00:00,22.6275,26.057535
2025-03-01 00:00:00+00:00,23.331,26.057535
2025-02-28 00:00:00+00:00,23.604,26.057535
2025-02-27 00:00:00+00:00,23.121,26.057535
2025-02-26 00:00:00+00:00,23.9085,26.057535
2025-02-25 00:00:00+00:00,23.1525,26.057535
2025-02-24 00:00:00+00:00,19.929,26.057535
2025-02-23 00:00:00+00:00,18.396,26.057535
2025-02-22 00:00:00+00:00,20.916,26.057535
2025-02-21 00:00:00+00:00,18.8685,26.057535
2025-02-20 00:00:00+00:00,21.9975,26.057535
2025-02-19 00:00:00+00:00,23.541,26.057535
2025-02-18 00:00:00+00:00,24.612,26.057535
2025-02-17 00:00:00+00:00,25.6305,26.057535
2025-02-16 00:00:00+00:00,24.6225,26.057535
2025-02-15 00:00:00+00:00,25.053,26.057535
2025-02-14 00:00:00+00:00,27.1215,26.057535
2025-02-13 00:00:00+00:00,27.4575,26.057535
2025-02-12 00:00:00+00:00,26.8485,26.057535
2025-02-11 00:00:00+00:00,26.565,26.057535
2025-02-10 00:00:00+00:00,25.809,26.057535
2025-02-09 00:00:00+00:00,25.683,26.057535
2025-02-08 00:00:00+00:00,25.788,26.057535
2025-02-07 00:00:00+00:00,25.2735,26.057535
2025-02-06 00:00:00+00:00,26.061,26.057535
2025-02-05 00:00:00+00:00,25.6935,26.057535
2025-02-04 00:00:00+00:00,24.549,26.057535
2025-02-03 00:00:00+00:00,25.977,26.057535
2025-02-02 00:00:00+00:00,25.557,26.057535
2025-02-01 00:00:00+00:00,25.221,26.057535
2025-01-31 00:00:00+00:00,26.0715,26.057535
2025-01-30 00:00:00+00:00,25.2945,26.057535
2025-01-29 00:00:00+00:00,23.184,26.057535
2025-01-28 00:00:00+00:00,23.814,26.057535
2025-01-27 00:00:00+00:00,22.68,26.057535
2025-01-26 00:00:00+00:00,23.2155,26.057535
2025-01-25 00:00:00+00:00,22.6485,26.057535
2025-01-24 00:00:00+00:00,22.9425,26.057535
2025-01-23 00:00:00+00:00,24.318,26.057535
2025-01-22 00:00:00+00:00,43.701,26.057535
2025-01-21 00:00:00+00:00,30.5025,26.057535
2025-01-20 00:00:00+00:00,33.3795,26.057535
2025-01-19 00:00:00+00:00,25.578,26.057535
2025-01-18 00:00:00+00:00,24.633,26.057535
2025-01-17 00:00:00+00:00,24.4965,26.057535
2025-01-16 00:00:00+00:00,25.053,26.057535
2025-01-15 00:00:00+00:00,26.9115,26.057535
2025-01-14 00:00:00+00:00,24.885,26.057535
2025-01-13 00:00:00+00:00,23.8245,26.057535
2025-01-12 00:00:00+00:00,24.003,26.057535
2025-01-11 00:00:00+00:00,24.423,26.057535
2025-01-10 00:00:00+00:00,39.6165,26.057535
2025-01-09 00:00:00+00:00,24.0975,26.057535
2025-01-08 00:00:00+00:00,31.878,26.057535
2025-01-07 00:00:00+00:00,22.785,26.057535
2025-01-06 00:00:00+00:00,21.819,26.057535
2025-01-05 00:00:00+00:00,23.5515,26.057535
2025-01-04 00:00:00+00:00,24.927,26.057535
2025-01-03 00:00:00+00:00,24.444,26.057535
2025-01-02 00:00:00+00:00,24.129,26.057535
2025-01-01 00:00:00+00:00,16.884,26.057535
2024-12-31 00:00:00+00:00,17.8605,25.684995
2024-12-30 00:00:00+00:00,22.218,25.684995
2024-12-29 00:00:00+00:00,22.4595,25.684995
2024-12-28 00:00:00+00:00,23.814,25.684995
2024-12-27 00:00:00+00:00,24.4755,25.684995
2024-12-26 00:00:00+00:00,23.583,25.684995
2024-12-25 00:00:00+00:00,21.861,25.684995
2024-12-24 00:00:00+00:00,21.5355,25.684995
2024-12-23 00:00:00+00:00,20.097,25.684995
2024-12-22 00:00:00+00:00,13.8075,25.684995
2024-12-21 00:00:00+00:00,14.343,25.684995
2024-12-20 00:00:00+00:00,20.4015,25.684995
2024-12-19 00:00:00+00:00,18.9315,25.684995
2024-12-18 00:00:00+00:00,18.564,25.684995
2024-12-17 00:00:00+00:00,21.462,25.684995
2024-12-16 00:00:00+00:00,19.1625,25.684995
2024-12-15 00:00:00+00:00,18.1755,25.684995
2024-12-14 00:00:00+00:00,22.764,25.684995
2024-12-13 00:00:00+00:00,30.681,25.684995
2024-12-12 00:00:00+00:00,37.9785,25.684995
2024-12-11 00:00:00+00:00,32.739,25.684995
2024-12-10 00:00:00+00:00,25.2315,25.684995
2024-12-09 00:00:00+00:00,22.7325,25.684995
2024-12-08 00:00:00+00:00,19.7085,25.684995
2024-12-07 00:00:00+00:00,19.2255,25.684995
2024-12-06 00:00:00+00:00,20.958,25.684995
2024-12-05 00:00:00+00:00,22.6695,25.684995
2024-12-04 00:00:00+00:00,26.817,25.684995
2024-12-03 00:00:00+00:00,25.515,25.684995
2024-12-02 00:00:00+00:00,22.4385,25.684995
2024-12-01 00:00:00+00:00,22.428,25.684995
2024-11-30 00:00:00+00:00,22.827,25.684995
2024-11-29 00:00:00+00:00,23.583,25.684995
2024-11-28 00:00:00+00:00,24.318,25.684995
2024-11-27 00:00:00+00:00,24.633,25.684995
2024-11-26 00:00:00+00:00,24.7905,25.684995
2024-11-25 00:00:00+00:00,18.9,25.684995
2024-11-24 00:00:00+00:00,14.4585,25.684995
2024-11-23 00:00:00+00:00,22.449,25.684995
2024-11-22 00:00:00+00:00,24.171,25.684995
2024-11-21 00:00:00+00:00,24.087,25.684995
2024-11-20 00:00:00+00:00,23.373,25.684995
2024-11-19 00:00:00+00:00,23.9085,25.684995
2024-11-18 00:00:00+00:00,24.5805,25.684995
2024-11-17 00:00:00+00:00,21.546,25.684995
2024-11-16 00:00:00+00:00,22.428,25.684995
2024-11-15 00:00:00+00:00,23.436,25.684995
2024-11-14 00:00:00+00:00,24.297,25.684995
2024-11-13 00:00:00+00:00,25.0635,25.684995
2024-11-12 00:00:00+00:00,24.3075,25.684995
2024-11-11 00:00:00+00:00,22.9845,25.684995
2024-11-10 00:00:00+00:00,23.2995,25.684995
2024-11-09 00:00:00+00:00,23.877,25.684995
2024-11-08 00:00:00+00:00,23.1105,25.684995
2024-11-07 00:00:00+00:00,23.184,25.684995
2024-11-06 00:00:00+00:00,26.9325,25.684995
2024-11-05 00:00:00+00:00,25.5255,25.684995
2024-11-04 00:00:00+00:00,24.3285,25.684995
2024-11-03 00:00:00+00:00,22.386,25.684995
2024-11-02 00:00:00+00:00,22.6485,25.684995
2024-11-01 00:00:00+00:00,22.533,25.684995
2024-10-31 00:00:00+00:00,22.428,25.684995
2024-10-30 00:00:00+00:00,23.8665,25.684995
2024-10-29 00:00:00+00:00,24.0345,25.684995
2024-10-28 00:00:00+00:00,22.8375,25.684995
2024-10-26 23:00:00+00:00,22.7115,25.684995
2024-10-25 23:00:00+00:00,22.7535,25.684995
2024-10-24 23:00:00+00:00,24.36,25.684995
2024-10-23 23:00:00+00:00,21.42,25.684995
2024-10-22 23:00:00+00:00,22.533,25.684995
2024-10-21 23:00:00+00:00,22.155,25.684995
2024-10-20 23:00:00+00:00,18.1755,25.684995
2024-10-19 23:00:00+00:00,15.6345,25.684995
2024-10-18 23:00:00+00:00,21.735,25.684995
2024-10-17 23:00:00+00:00,21.9135,25.684995
2024-10-16 23:00:00+00:00,22.365,25.684995
2024-10-15 23:00:00+00:00,19.3725,25.684995
2024-10-14 23:00:00+00:00,21.8295,25.684995
2024-10-13 23:00:00+00:00,24.129,25.684995
2024-10-12 23:00:00+00:00,19.1415,25.684995
2024-10-11 23:00:00+00:00,21.273,25.684995
2024-10-10 23:00:00+00:00,22.0185,25.684995
2024-10-09 23:00:00+00:00,20.181,25.684995
2024-10-08 23:00:00+00:00,22.218,25.684995
2024-10-07 23:00:00+00:00,22.218,25.684995
2024-10-06 23:00:00+00:00,22.533,25.684995
2024-10-05 23:00:00+00:00,20.034,25.684995
2024-10-04 23:00:00+00:00,20.454,25.684995
2024-10-03 23:00:00+00:00,21.567,25.684995
2024-10-02 23:00:00+00:00,22.092,25.684995
2024-10-01 23:00:00+00:00,21.21,25.684995
2024-09-30 23:00:00+00:00,20.0865,25.684995
2024-09-29 23:00:00+00:00,19.488,23.52777
2024-09-28 23:00:00+00:00,21.609,23.52777
2024-09-27 23:00:00+00:00,20.8845,23.52777
2024-09-26 23:00:00+00:00,17.808,23.52777
2024-09-25 23:00:00+00:00,20.517,23.52777
2024-09-24 23:00:00+00:00,21.819,23.52777
2024-09-23 23:00:00+00:00,21.21,23.52777
2024-09-22 23:00:00+00:00,22.26,23.52777
2024-09-21 23:00:00+00:00,21.2625,23.52777
2024-09-20 23:00:00+00:00,20.6535,23.52777
2024-09-19 23:00:00+00:00,21.168,23.52777
2024-09-18 23:00:00+00:00,21.042,23.52777
2024-09-17 23:00:00+00:00,20.874,23.52777
2024-09-16 23:00:00+00:00,21.168,23.52777
2024-09-15 23:00:00+00:00,21.588,23.52777
2024-09-14 23:00:00+00:00,20.6745,23.52777
2024-09-13 23:00:00+00:00,18.921,23.52777
2024-09-12 23:00:00+00:00,21.4935,23.52777
2024-09-11 23:00:00+00:00,21.042,23.52777
2024-09-10 23:00:00+00:00,18.501,23.52777
2024-09-09 23:00:00+00:00,15.33,23.52777
2024-09-08 23:00:00+00:00,21.315,23.52777
2024-09-07 23:00:00+00:00,21.504,23.52777
2024-09-06 23:00:00+00:00,21.5775,23.52777
2024-09-05 23:00:00+00:00,20.454,23.52777
2024-09-04 23:00:00+00:00,21.105,23.52777
2024-09-03 23:00:00+00:00,22.575,23.52777
2024-09-02 23:00:00+00:00,22.806,23.52777
2024-09-01 23:00:00+00:00,22.3755,23.52777
2024-08-31 23:00:00+00:00,17.9445,23.52777
2024-08-30 23:00:00+00:00,20.265,23.52777
2024-08-29 23:00:00+00:00,22.302,23.52777
2024-08-28 23:00:00+00:00,21.714,23.52777
2024-08-27 23:00:00+00:00,21.567,23.52777
2024-08-26 23:00:00+00:00,18.4275,23.52777
2024-08-25 23:00:00+00:00,17.997,23.52777
2024-08-24 23:00:00+00:00,12.8625,23.52777
2024-08-23 23:00:00+00:00,18.711,23.52777
2024-08-22 23:00:00+00:00,15.0675,23.52777
2024-08-21 23:00:00+00:00,14.427,23.52777
2024-08-20 23:00:00+00:00,15.078,23.52777
2024-08-19 23:00:00+00:00,18.2175,23.52777
2024-08-18 23:00:00+00:00,21.084,23.52777
2024-08-17 23:00:00+00:00,17.1885,23.52777
2024-08-16 23:00:00+00:00,19.341,23.52777
2024-08-15 23:00:00+00:00,19.194,23.52777
2024-08-14 23:00:00+00:00,17.934,23.52777
2024-08-13 23:00:00+00:00,21.063,23.52777
2024-08-12 23:00:00+00:00,20.1075,23.52777
2024-08-11 23:00:00+00:00,16.7265,23.52777
2024-08-10 23:00:00+00:00,20.853,23.52777
2024-08-09 23:00:00+00:00,14.4585,23.52777
2024-08-08 23:00:00+00:00,13.2195,23.52777
2024-08-07 23:00:00+00:00,19.3725,23.52777
2024-08-06 23:00:00+00:00,17.619,23.52777
2024-08-05 23:00:00+00:00,20.2335,23.52777
2024-08-04 23:00:00+00:00,18.543,23.52777
2024-08-03 23:00:00+00:00,20.1495,23.52777
2024-08-02 23:00:00+00:00,20.9685,23.52777
2024-08-01 23:00:00+00:00,20.286,23.52777
2024-07-31 23:00:00+00:00,21.2205,23.52777
2024-07-30 23:00:00+00:00,20.811,23.52777
2024-07-29 23:00:00+00:00,20.559,23.52777
2024-07-28 23:00:00+00:00,20.076,23.52777
2024-07-27 23:00:00+00:00,20.1705,23.52777
2024-07-26 23:00:00+00:00,20.37,23.52777
2024-07-25 23:00:00+00:00,20.2125,23.52777
2024-07-24 23:00:00+00:00,20.2545,23.52777
2024-07-23 23:00:00+00:00,20.286,23.52777
2024-07-22 23:00:00+00:00,20.055,23.52777
2024-07-21 23:00:00+00:00,20.328,23.52777
2024-07-20 23:00:00+00:00,20.0025,23.52777
2024-07-19 23:00:00+00:00,20.4015,23.52777
2024-07-18 23:00:00+00:00,20.3385,23.52777
2024-07-17 23:00:00+00:00,20.433,23.52777
2024-07-16 23:00:00+00:00,20.6955,23.52777
2024-07-15 23:00:00+00:00,19.8555,23.52777
2024-07-14 23:00:00+00:00,20.7165,23.52777
2024-07-13 23:00:00+00:00,18.4905,23.52777
2024-07-12 23:00:00+00:00,19.6875,23.52777
2024-07-11 23:00:00+00:00,20.034,23.52777
2024-07-10 23:00:00+00:00,20.1915,23.52777
2024-07-09 23:00:00+00:00,19.2885,23.52777
2024-07-08 23:00:00+00:00,20.4435,23.52777
2024-07-07 23:00:00+00:00,21.1575,23.52777
2024-07-06 23:00:00+00:00,18.5115,23.52777
2024-07-05 23:00:00+00:00,16.4745,23.52777
2024-07-04 23:00:00+00:00,17.934,23.52777
2024-07-03 23:00:00+00:00,12.369,23.52777
2024-07-02 23:00:00+00:00,19.824,23.52777
2024-07-01 23:00:00+00:00,20.412,23.52777
2024-06-30 23:00:00+00:00,21.1155,23.52777
2024-06-29 23:00:00+00:00,20.475,25.7208
2024-06-28 23:00:00+00:00,21.0315,25.7208
2024-06-27 23:00:00+00:00,15.288,25.7208
2024-06-26 23:00:00+00:00,18.7845,25.7208
2024-06-25 23:00:00+00:00,21.063,25.7208
2024-06-24 23:00:00+00:00,21.4095,25.7208
2024-06-23 23:00:00+00:00,21.357,25.7208
2024-06-22 23:00:00+00:00,20.2125,25.7208
2024-06-21 23:00:00+00:00,20.7375,25.7208
2024-06-20 23:00:00+00:00,21.063,25.7208
2024-06-19 23:00:00+00:00,21.462,25.7208
2024-06-18 23:00:00+00:00,21.231,25.7208
2024-06-17 23:00:00+00:00,21.8295,25.7208
2024-06-16 23:00:00+00:00,21.6405,25.7208
2024-06-15 23:00:00+00:00,18.207,25.7208
2024-06-14 23:00:00+00:00,20.412,25.7208
2024-06-13 23:00:00+00:00,19.7715,25.7208
2024-06-12 23:00:00+00:00,21.126,25.7208
2024-06-11 23:00:00+00:00,21.861,25.7208
2024-06-10 23:00:00+00:00,20.0445,25.7208
2024-06-09 23:00:00+00:00,20.118,25.7208
2024-06-08 23:00:00+00:00,14.7735,25.7208
2024-06-07 23:00:00+00:00,14.931,25.7208
2024-06-06 23:00:00+00:00,19.299,25.7208
2024-06-05 23:00:00+00:00,20.874,25.7208
2024-06-04 23:00:00+00:00,18.8265,25.7208
2024-06-03 23:00:00+00:00,20.286,25.7208
2024-06-02 23:00:00+00:00,21.1155,25.7208
2024-06-01 23:00:00+00:00,19.74,25.7208
2024-05-31 23:00:00+00:00,19.152,25.7208
2024-05-30 23:00:00+00:00,19.6875,25.7208
2024-05-29 23:00:00+00:00,19.383,25.7208
2024-05-28 23:00:00+00:00,20.37,25.7208
2024-05-27 23:00:00+00:00,21.21,25.7208
2024-05-26 23:00:00+00:00,20.8845,25.7208
2024-05-25 23:00:00+00:00,20.3595,25.7208
2024-05-24 23:00:00+00:00,20.9265,25.7208
2024-05-23 23:00:00+00:00,21.8295,25.7208
2024-05-22 23:00:00+00:00,19.2255,25.7208
2024-05-21 23:00:00+00:00,20.433,25.7208
2024-05-20 23:00:00+00:00,21.084,25.7208
2024-05-19 23:00:00+00:00,20.4015,25.7208
2024-05-18 23:00:00+00:00,19.8555,25.7208
2024-05-17 23:00:00+00:00,20.139,25.7208
2024-05-16 23:00:00+00:00,20.3595,25.7208
2024-05-15 23:00:00+00:00,20.2755,25.7208
2024-05-14 23:00:00+00:00,19.908,25.7208
2024-05-13 23:00:00+00:00,19.047,25.7208
2024-05-12 23:00:00+00:00,19.0995,25.7208
2024-05-11 23:00:00+00:00,16.6635,25.7208
2024-05-10 23:00:00+00:00,19.803,25.7208
2024-05-09 23:00:00+00:00,20.16,25.7208
2024-05-08 23:00:00+00:00,19.992,25.7208
2024-05-07 23:00:00+00:00,20.664,25.7208
2024-05-06 23:00:00+00:00,20.6955,25.7208
2024-05-05 23:00:00+00:00,20.685,25.7208
2024-05-04 23:00:00+00:00,20.622,25.7208
2024-05-03 23:00:00+00:00,20.0865,25.7208
2024-05-02 23:00:00+00:00,19.908,25.7208
2024-05-01 23:00:00+00:00,18.879,25.7208
2024-04-30 23:00:00+00:00,19.656,25.7208
2024-04-29 23:00:00+00:00,19.0155,25.7208
2024-04-28 23:00:00+00:00,19.299,25.7208
2024-04-27 23:00:00+00:00,19.803,25.7208
2024-04-26 23:00:00+00:00,20.2335,25.7208
2024-04-25 23:00:00+00:00,20.5695,25.7208
2024-04-24 23:00:00+00:00,20.496,25.7208
2024-04-23 23:00:00+00:00,20.076,25.7208
2024-04-22 23:00:00+00:00,20.265,25.7208
2024-04-21 23:00:00+00:00,20.685,25.7208
2024-04-20 23:00:00+00:00,19.593,25.7208
2024-04-19 23:00:00+00:00,19.782,25.7208
2024-04-18 23:00:00+00:00,17.115,25.7208
2024-04-17 23:00:00+00:00,20.496,25.7208
2024-04-16 23:00:00+00:00,19.9815,25.7208
2024-04-15 23:00:00+00:00,16.149,25.7208
2024-04-14 23:00:00+00:00,14.616,25.7208
2024-04-13 23:00:00+00:00,13.4295,25.7208
2024-04-12 23:00:00+00:00,12.432,25.7208
2024-04-11 23:00:00+00:00,14.2065,25.7208
2024-04-10 23:00:00+00:00,16.632,25.7208
2024-04-09 23:00:00+00:00,17.2725,25.7208
2024-04-08 23:00:00+00:00,17.0205,25.7208
2024-04-07 23:00:00+00:00,18.123,25.7208
2024-04-06 23:00:00+00:00,12.117,25.7208
2024-04-05 23:00:00+00:00,11.8125,25.7208
2024-04-04 23:00:00+00:00,16.275,25.7208
2024-04-03 23:00:00+00:00,18.6585,25.7208
2024-04-02 23:00:00+00:00,18.3855,25.7208
2024-04-01 23:00:00+00:00,19.446,25.7208
2024-03-31 23:00:00+00:00,18.4905,25.7208
2024-03-31 00:00:00+00:00,19.3515,29.7276
2024-03-30 00:00:00+00:00,19.5405,29.7276
2024-03-29 00:00:00+00:00,18.522,29.7276
2024-03-28 00:00:00+00:00,18.816,29.7276
2024-03-27 00:00:00+00:00,18.7845,29.7276
2024-03-26 00:00:00+00:00,20.0235,29.7276
2024-03-25 00:00:00+00:00,19.9815,29.7276
2024-03-24 00:00:00+00:00,15.708,29.7276
2024-03-23 00:00:00+00:00,12.4005,29.7276
2024-03-22 00:00:00+00:00,17.5665,29.7276
2024-03-21 00:00:00+00:00,19.5195,29.7276
2024-03-20 00:00:00+00:00,20.6535,29.7276
2024-03-19 00:00:00+00:00,19.6035,29.7276
2024-03-18 00:00:00+00:00,19.425,29.7276
2024-03-17 00:00:00+00:00,18.7635,29.7276
2024-03-16 00:00:00+00:00,19.1205,29.7276
2024-03-15 00:00:00+00:00,18.354,29.7276
2024-03-14 00:00:00+00:00,18.543,29.7276
2024-03-13 00:00:00+00:00,18.375,29.7276
2024-03-12 00:00:00+00:00,19.3095,29.7276
2024-03-11 00:00:00+00:00,19.6875,29.7276
2024-03-10 00:00:00+00:00,17.829,29.7276
2024-03-09 00:00:00+00:00,17.241,29.7276
2024-03-08 00:00:00+00:00,18.7425,29.7276
2024-03-07 00:00:00+00:00,19.614,29.7276
2024-03-06 00:00:00+00:00,19.8765,29.7276
2024-03-05 00:00:00+00:00,19.089,29.7276
2024-03-04 00:00:00+00:00,19.4145,29.7276
2024-03-03 00:00:00+00:00,19.383,29.7276
2024-03-02 00:00:00+00:00,19.089,29.7276
2024-03-01 00:00:00+00:00,18.942,29.7276
2024-02-29 00:00:00+00:00,18.3855,29.7276
2024-02-28 00:00:00+00:00,18.4905,29.7276
2024-02-27 00:00:00+00:00,18.6795,29.7276
2024-02-26 00:00:00+00:00,18.3645,29.7276
2024-02-25 00:00:00+00:00,18.7005,29.7276
2024-02-24 00:00:00+00:00,18.48,29.7276
2024-02-23 00:00:00+00:00,18.228,29.7276
2024-02-22 00:00:00+00:00,17.6925,29.7276
2024-02-21 00:00:00+00:00,17.6505,29.7276
2024-02-20 00:00:00+00:00,18.1965,29.7276
2024-02-19 00:00:00+00:00,18.2175,29.7276
2024-02-18 00:00:00+00:00,18.1335,29.7276
2024-02-17 00:00:00+00:00,18.5745,29.7276
2024-02-16 00:00:00+00:00,18.69,29.7276
2024-02-15 00:00:00+00:00,18.7635,29.7276
2024-02-14 00:00:00+00:00,19.131,29.7276
2024-02-13 00:00:00+00:00,19.1205,29.7276
2024-02-12 00:00:00+00:00,19.152,29.7276
2024-02-11 00:00:00+00:00,19.698,29.7276
2024-02-10 00:00:00+00:00,19.656,29.7276
2024-02-09 00:00:00+00:00,18.585,29.7276
2024-02-08 00:00:00+00:00,19.7715,29.7276
2024-02-07 00:00:00+00:00,20.454,29.7276
2024-02-06 00:00:00+00:00,18.0705,29.7276
2024-02-05 00:00:00+00:00,17.4615,29.7276
2024-02-04 00:00:00+00:00,14.784,29.7276
2024-02-03 00:00:00+00:00,16.4745,29.7276
2024-02-02 00:00:00+00:00,18.354,29.7276
2024-02-01 00:00:00+00:00,19.1205,29.7276
2024-01-31 00:00:00+00:00,19.0155,29.7276
2024-01-30 00:00:00+00:00,19.7505,29.7276
2024-01-29 00:00:00+00:00,19.95,29.7276
2024-01-28 00:00:00+00:00,17.64,29.7276
2024-01-27 00:00:00+00:00,18.7005,29.7276
2024-01-26 00:00:00+00:00,18.5535,29.7276
2024-01-25 00:00:00+00:00,19.509,29.7276
2024-01-24 00:00:00+00:00,17.283,29.7276
2024-01-23 00:00:00+00:00,18.4485,29.7276
2024-01-22 00:00:00+00:00,17.9235,29.7276
2024-01-21 00:00:00+00:00,18.438,29.7276
2024-01-20 00:00:00+00:00,19.362,29.7276
2024-01-19 00:00:00+00:00,19.8135,29.7276
2024-01-18 00:00:00+00:00,20.391,29.7276
2024-01-17 00:00:00+00:00,21.945,29.7276
2024-01-16 00:00:00+00:00,21.5565,29.7276
2024-01-15 00:00:00+00:00,20.8005,29.7276
2024-01-14 00:00:00+00:00,20.37,29.7276
2024-01-13 00:00:00+00:00,20.6745,29.7276
2024-01-12 00:00:00+00:00,22.0395,29.7276
2024-01-11 00:00:00+00:00,22.3335,29.7276
2024-01-10 00:00:00+00:00,22.617,29.7276
2024-01-09 00:00:00+00:00,22.2915,29.7276
2024-01-08 00:00:00+00:00,22.1655,29.7276
2024-01-07 00:00:00+00:00,21.4305,29.7276
2024-01-06 00:00:00+00:00,21.357,29.7276
2024-01-05 00:00:00+00:00,21.441,29.7276
2024-01-04 00:00:00+00:00,21.042,29.7276
2024-01-03 00:00:00+00:00,19.929,29.7276
2024-01-02 00:00:00+00:00,17.64,29.7276
2024-01-01 00:00:00+00:00,16.4955,29.7276
2023-12-31 00:00:00+00:00,18.6165,28.428225
2023-12-30 00:00:00+00:00,19.1625,28.428225
2023-12-29 00:00:00+00:00,16.002,28.428225
2023-12-28 00:00:00+00:00,15.225,28.428225
2023-12-27 00:00:00+00:00,18.333,28.428225
2023-12-26 00:00:00+00:00,17.3985,28.428225
2023-12-25 00:00:00+00:00,14.2905,28.428225
2023-12-24 00:00:00+00:00,11.7075,28.428225
2023-12-23 00:00:00+00:00,14.343,28.428225
2023-12-22 00:00:00+00:00,15.6975,28.428225
2023-12-21 00:00:00+00:00,16.4115,28.428225
2023-12-20 00:00:00+00:00,18.249,28.428225
2023-12-19 00:00:00+00:00,19.467,28.428225
2023-12-18 00:00:00+00:00,19.6035,28.428225
2023-12-17 00:00:00+00:00,16.905,28.428225
2023-12-16 00:00:00+00:00,18.9945,28.428225
2023-12-15 00:00:00+00:00,20.79,28.428225
2023-12-14 00:00:00+00:00,21.4515,28.428225
2023-12-13 00:00:00+00:00,21.2835,28.428225
2023-12-12 00:00:00+00:00,21.546,28.428225
2023-12-11 00:00:00+00:00,21.609,28.428225
2023-12-10 00:00:00+00:00,19.4985,28.428225
2023-12-09 00:00:00+00:00,20.9265,28.428225
2023-12-08 00:00:00+00:00,22.1235,28.428225
2023-12-07 00:00:00+00:00,22.071,28.428225
2023-12-06 00:00:00+00:00,24.948,28.428225
2023-12-05 00:00:00+00:00,23.7615,28.428225
2023-12-04 00:00:00+00:00,23.646,28.428225
2023-12-03 00:00:00+00:00,23.604,28.428225
2023-12-02 00:00:00+00:00,24.906,28.428225
2023-12-01 00:00:00+00:00,28.77,28.428225
2023-11-30 00:00:00+00:00,28.8855,28.428225
2023-11-29 00:00:00+00:00,26.6595,28.428225
